{"effective_freq":600.0,"frequencies":[200.0,400.0,600.0,800.0,1000.0,1200.0,1300.0,1400.0],"power_model":[0.4433100178,3.410453667e-06,2.193142733e-08,4.609381282e-11],"procs":4}
