{
  "clusters": [
    {
      "effective_freq": 1200.0,
      "frequencies": [
        200.0, 400.0, 600.0, 800.0, 1000.0, 1200.0, 1400.0, 1600.0, 1800.0,
        2000.0, 2100.0
      ],
      "power_model": [
        0.04433100178, 3.410453667e-6, 2.193142733e-8, 4.609381282e-11
      ],
      "procs": 4,
      "perf_score": 1.0,
      "u_target": 1.0
    },
    {
      "effective_freq": 600.0,
      "frequencies": [
        200.0, 400.0, 600.0, 800.0, 1000.0, 1200.0, 1300.0, 1400.0
      ],
      "power_model": [
        0.04433100178, 3.410453667e-6, 2.193142733e-8, 4.609381282e-11
      ],
      "procs": 4,
      "perf_score": 0.5,
      "u_target": 0.4
    }
  ]
}
