{
  "clusters": [
    {
      "effective_freq": 1200.0,
      "frequencies": [800.0, 1200.0, 1500.0, 1800.0, 2100.0, 2300.0, 2600.0],
      "power_model": [
        0.04433100178, 3.410453667e-6, 2.193142733e-8, 4.609381282e-11
      ],
      "procs": 4,
      "perf_score": 1.0
    },
    {
      "effective_freq": 1200.0,
      "frequencies": [800.0, 1200.0, 1500.0, 1800.0, 2100.0, 2300.0],
      "power_model": [
        0.04433100178, 3.410453667e-6, 2.193142733e-8, 4.609381282e-11
      ],
      "procs": 4,
      "perf_score": 1.0
    },
    {
      "effective_freq": 800.0,
      "frequencies": [800.0, 1800.0],
      "power_model": [
        0.04433100178, 3.410453667e-6, 2.193142733e-8, 4.609381282e-11
      ],
      "procs": 4,
      "perf_score": 0.444
    }
  ]
}
